item,Jan 2025,Feb 2025,Mar 2025,Apr 2025,May 2025,Jun 2025,Jul 2025,Aug-Sep 2025,Oct 2025,Nov 2025,Dec 2025,Jan 2026,Feb 2026,Mar 2026,Apr 2026,May 2026
Agric hen eggs,248.04139052252253,251.94051654054056,261.1823462867568,259.31615245998495,265.72525010413347,268.1321911996009,270.7705925485273,248.215446160356,252.79055205869216,244.9653384010952,240.95684693717112,240.1632790829544,248.34928079654358,256.48492026575803,259.21819457952904,261.14176246330453
"Agric hen eggs, (a Crate of 30 pieces)",5878.140646621622,5976.115851545045,7670.559190085271,6150.178072072072,6263.915591640825,6326.553235870359,6294.29102586476,5897.874998021113,5993.009131680979,5966.166355090028,5927.106264039954,5923.164846365731,6007.352086489929,6127.617009887306,6143.1126621405165,6149.177994707396
Beans Brown,2458.5332882957205,2465.9627716485425,2616.263610923184,2429.3885720073285,2385.151862935156,2319.9935123540827,2319.2653816194043,1815.7590283673646,1760.52769721203,1547.0277455812504,1250.1114353511443,1262.4259913573987,1307.4430519039395,1325.8538773674757,1338.9328294458949,1344.9319046192759
Beans white,2123.8529942048917,2114.329235707744,2215.107057094709,2097.309931445076,2040.508123180201,2030.0760329370744,2020.9619336040175,1623.423953434283,1587.8173955384163,1430.582470228561,1200.8776927395431,1209.9093026900814,1255.1334410785132,1276.6337728138787,1291.3314506590189,1297.177234745508
Beef Boneless,6122.568294312323,6269.45881945785,6523.500990714252,6544.536858449178,6662.924661994583,6808.960907077878,6831.352773878651,6861.246548099691,6850.5096699105,6908.218147414411,6885.086262588314,6874.171309295031,6893.872839411953,6903.310592408742,6919.937600371186,7171.408124179038
"Bread (sliced), 450g",1604.7842497597594,1633.18538583033,1680.1746973918919,1688.3998457337566,1657.5872954082151,1651.3902781011402,1661.867672397997,1660.508897145389,1675.507169036891,1677.2828056540436,1667.6311744669272,1667.013043683109,1672.380683756617,1675.308890723947,1682.596329234819,1687.182902415158
"Bread (unsliced), 450g",1452.9829733163879,1497.4271531465035,1561.2438133998007,1547.5179018417966,1556.0566784842156,1569.9491416693436,1577.7176473808383,1555.6725952008244,1583.9091644128425,1580.6314178491464,1581.2866809402326,1583.994806390397,1597.4349238982988,1600.1350551782627,1605.5612230811857,1609.2954869131709
"Carrots, fresh",1787.161451333333,1838.592826911824,1947.049737680731,1931.3178570403522,1911.6871622141748,1897.7477690032974,1913.0567759784753,1919.7626001197227,1930.071956371793,1923.610420813202,1920.3325484935265,1953.032284421805,1970.611274136475,2003.08143338144,2025.1234982988303,2080.4853625043015
Cat fresh fish,5226.870577840466,5284.359541375001,5507.109940563151,5572.493422580557,5613.435478702279,5744.253269767942,5778.811187594452,5974.669380354981,6047.172426530218,6097.447923762898,6068.397122843194,6053.602914029602,6064.9638314077,6080.020725454623,6094.103148587778,6118.83132966506
Chicken feet,3293.62957461766,3346.6242356636126,3487.0587798892566,3502.6970441309572,3506.125073141734,3576.326402454737,3598.742621827061,3702.59737443637,3739.0245502051375,3743.1196432478814,3956.88179194173,3953.0385998480997,3970.9412970337276,3979.847730320467,3992.01235394647,4006.0655544257575
Chicken meat (Frozen),5497.031135370547,5552.7027027027025,5675.675675675676,5740.149243826533,5808.5200285604715,5833.057929102609,5839.810204898159,5875.583415758296,5899.460024791653,5924.198212496068,5910.029839949825,5910.027725441917,5917.605025618603,5926.602277414922,5943.0026735870315,6012.602918549528
Chicken Wings,4340.107780662224,4394.405379046846,4671.313314349039,4771.9236733382295,4831.508880989896,4839.85424055575,4836.378810829006,4898.147541427127,4945.535029292948,4954.242122027532,4992.944682300731,4982.102717451487,4997.313018217791,5011.298418797165,5026.334754054623,5037.891951232595
Cray fish small white,6227.04071992117,6440.441082801802,6657.002535356239,6655.661528806915,8046.835984100141,8753.212366291289,9380.68707277979,8754.601454689308,8690.200282227315,8606.72333004746,8586.035190351799,8660.060921113944,8785.158287506805,8820.593259575033,8857.89749745431,8971.55902850211
"Dried fish, Bonga",6131.980115364863,6160.021309324324,6493.784328495541,6657.742776414057,6703.079156122976,7024.1582933911595,7072.976572436164,7030.168543112501,7213.334550321499,7263.979829461666,7243.91031677665,7268.449111721935,7279.894958796047,7292.624883978964,7314.418602716091,7369.159617272357
Garri white,1267.6348809931148,1277.2470703903475,1362.95931475153,1345.0978505148996,1341.7898618019171,1298.192947559117,1258.637331548774,871.7757576006741,846.6882745067923,819.6990852323411,776.3559045724118,771.9764099457353,790.6246042261746,801.5403940406949,808.9592319960332,813.2421892588295
Garri Yellow,1358.9584184214177,1378.1547063621408,1456.6512649646875,1422.3398477023618,1438.2574315410434,1396.7201596534426,1358.6755362275126,961.2109972829221,925.4296467690699,887.9656714472967,835.23965312997,821.9054782674585,841.7366786068142,853.6471834488206,861.91861075139,865.4077121759906
"Ginger, fresh",4206.799548941442,4371.8969465990995,4600.230818051035,4970.658842575682,5505.774794777313,5618.722488436312,5659.526105269955,5463.518930469908,5414.91765745556,5390.564601331841,5361.8486319087515,5445.03269452446,5507.430583123195,5541.252667840406,5581.824918493482,5906.817221065205
Goat Meat Bone in,6202.35750472635,6298.893395608558,6892.462295546797,6708.452752046177,6710.944109953071,6779.4905285461255,6821.309058255563,6812.960814162584,6891.44199027489,6911.3864320600205,6848.929899599978,6825.897527124245,6845.738268698997,6860.540373417374,6874.6153470694,6923.966956216868
"Groundnut oil, 75cl",2939.7346322297294,3039.829476112612,3218.8178332615544,3250.319134382641,3215.2685759093283,3279.627497791497,3284.6082067226357,3276.6683106069527,3297.0255624727492,3336.127322859571,3126.5471991209347,3068.072306527483,3085.180192923652,3093.093319940079,3104.3038375905567,3113.0475343559915
"Groundnuts, roasted,75cl bottle",2387.756803352135,2392.471054513513,2487.6765241772973,2545.7164478089503,2605.8510434332757,2636.262077482718,2637.09908243723,2645.5090459705084,2639.871778087812,2669.605741295383,2589.1120195699827,2567.2488276931363,2584.4192390532007,2591.40067258202,2597.138010190979,2600.2186511810123
Irish Potatoe,1790.9108765279882,1756.4072669697568,1881.7562755561667,1948.6077123661707,2081.093364678997,2045.9420469011002,2033.0798935380249,1633.0904070698634,1567.3211537204168,1706.9224169581964,1902.608963385862,1973.4507458807332,2008.919460979377,2044.4013189103548,2065.2388312014073,2104.0401382477553
Local Rice (Broken),2508.1549602219034,2564.951820402969,2671.7289628642798,2517.8856093511167,2576.5995316525646,2579.830185301154,2586.0488043157384,2313.344909851626,2311.067303873303,2207.9224992035206,2169.3123952199585,2171.745997740476,2180.498637880816,2188.447657873707,2195.7801307373784,2208.078527792335
"Mackerel, Frozen",5117.805935192943,5233.151444246847,5482.632785948785,5417.3963473999565,5466.1949008716365,5557.244551450072,5681.313249588093,5719.082602431877,5768.916952276916,5818.556382971164,5799.043694799065,5774.600650270193,5789.297291628057,5801.331728340608,5817.1579525233565,5834.952448992669
Maize (Corn) Grains (White) sold loose,1168.3379724972651,1169.3210112602158,1278.7595198008491,1239.6096604979955,1216.5508678938475,1188.371421042367,1166.8085070098991,888.6815455869121,904.7357076881837,843.7726101385778,798.9693254550754,784.5917952651989,795.8172531201585,803.2747553397459,811.3322285245588,815.8250150106671
"Onions, fresh",1367.6215629373394,1372.041902596686,1434.8498267248613,1503.5644918098744,1607.3794757928383,1559.0190817775465,1538.7591764210324,1307.436653548032,1368.3236656435977,1332.767097118573,1172.3933182095002,1123.2611530440272,1135.1183215298256,1153.1379971451154,1164.387848108438,1180.0105691410638
"Palm oil, 75cl",2329.5428046950337,2384.151114086625,2511.7729143043784,2516.3571664481105,2475.08091840505,2509.1609017244396,2553.538225074949,2525.401261601325,2537.89942642186,2508.7339193862344,2425.468908255818,2366.280066022777,2386.9602820486193,2393.3772395685796,2396.322748551216,2396.6156775260065
Plantain (ripe),1876.0258662337449,1914.4990136459394,2002.584171777326,2057.3966196227657,2079.840307325534,2109.6644735417044,2137.3708139295436,2153.844998657108,2155.3577663254064,2133.62389235034,2081.028640575847,2087.218114972527,2110.034423495265,2135.5960800137805,2159.9638268981807,2210.2414542014667
Plantain (unripe),2119.0689292685547,2127.671268425246,2214.565279777661,2231.8082619367033,2307.6407699461543,2305.6216531932346,2325.070485372628,2226.4385389516437,2233.5260593618405,2202.1300179317154,2140.2268698664066,2120.5445230432806,2154.8538166556614,2178.931006295384,2202.153513700148,2256.90977911934
"Rice Local, short-Grained",2067.9978229893177,2088.821683060393,2242.6382187062827,2144.0498599702564,2095.289293980627,2084.0367570936814,2064.074663614012,1952.9401716901048,1913.7751697182339,1861.9490651433712,1845.0809328860444,1841.8265986421632,1858.9259922731371,1876.360850383895,1893.4376473349278,1905.4312487370357
Rice Long-Grained (Imported),2505.4793990864414,2565.0914537854455,2679.5060014625356,2574.114841876285,2604.687331911487,2627.731674479681,2642.2229347668285,2319.3076275228395,2255.2775768973675,2219.547883346318,2201.2193583355447,2197.014883869169,2211.794411459619,2223.8302399733257,2233.7115588101046,2245.6969804606533
"Semovita, Prepacked (1kg)",2072.0011794684688,2089.7943657252254,2173.1178654254054,2257.1981600205663,2293.907862535843,2311.5227732427784,2329.3537307159145,2352.318395005702,2354.2340508651146,2360.4044264781337,2270.151175191935,2234.234262214284,2241.0433976238114,2160.4205037608244,2161.167302188671,2166.706589331522
Smoked fish (Mackerel),5407.632679016666,5458.01897597883,5752.75512147591,5920.837282189649,6064.739673619357,6229.503936853234,6317.532680969681,6231.508034602872,6231.02169313778,6283.708479783887,6286.567589805612,6259.722769587541,6276.991453650049,6293.572849046083,6304.708322849441,6321.173482278503
Sweet potatoes,852.5153115486488,823.2986999806628,909.8848797793393,938.4237846517723,1045.0330238530312,1039.3271276420412,1052.9715462212248,834.3496651420653,838.9954456008941,809.6818681039933,752.8599377407112,744.6545095271078,805.4089807869747,828.3438406529549,844.2952064822684,862.2530706661815
Tilapia fresh fish (Epiya),5065.363191184375,5103.942028691891,5459.042142929825,5489.282024685323,5557.975986147316,5723.023942242524,5727.762682051476,5720.0692840419715,5819.974591260185,5880.416108810753,5845.439980463254,5848.641377542854,5862.4049052063865,5875.264028528877,5885.781865113797,5894.839996791182
"Tin Milk-Evaporated, Peak Milk, 150g",928.0016281540771,931.0347338363364,999.1796744651351,994.191736164736,1011.7469640669237,1028.285334549053,1034.6028212842873,1034.195228546039,1058.152214365552,1056.7968204249764,1047.4687296457425,1039.0630194486005,1044.5175223896551,1050.0039301348254,1055.154362656538,1057.9688272021003
"Tin Milk-Evaporated, Three Crown Milk, 160g",837.2325512462462,827.3148444054054,872.1352708081082,888.9103697335029,906.0829505159229,910.0812839690196,923.4343693818231,900.7322712108167,939.0318268341351,950.7691424919699,928.6625648885415,923.2719696279894,928.0023430885843,933.1239617579234,936.7018974208937,938.0713965665612
"Titus, frozen",5467.231344622807,5564.289075565916,5860.007123733654,5939.287288693675,6076.519664913661,6238.707812532653,6271.45068255048,6352.951258554096,6415.748643915964,6413.414468709263,6341.112221562442,6343.685264509165,6363.686463970369,6377.756737339963,6416.582932406275,7739.31131255172
"Tomatoes, fresh",1081.439135977027,1111.1395879256434,1157.3457186910782,1283.5712136417649,1392.7107193307363,1394.7709227774014,1367.8877089206924,1279.8359139494032,1269.1679915276582,1243.02432880054,1057.103853797777,1024.6460436814316,1077.429423408858,1104.9520740906787,1177.9212724226147,1560.5582277761139
"Vegetable Oil, 75cl",2975.961923490991,3090.5103853288288,3337.0082982445942,3374.8094323292303,3347.4881740083824,3398.8387238508994,3399.5980900467525,3229.625604509319,3204.288157128556,3264.5453409004067,3272.2067388649907,3220.951096973747,3233.7863161569317,3242.4759243445446,3253.3521792691417,3263.496155366526
"Watermelon whole, medium size fresh",1850.843269956081,1926.2041193291504,2040.818732955811,2057.348804901336,2078.4978315296826,2077.264552740451,2080.2683791334057,2065.4648206781158,2073.9786009882596,2120.923761495227,2013.4542235299455,2024.2786619364456,2046.909568976239,2068.051119358296,2079.2379619594726,2085.60512980831
"Wheat Flour, Prepacked (2kg)",3847.3656922479145,3890.802997644842,4114.2425360704465,4166.568199613053,4185.545277589043,4169.007013217462,4194.085679751597,3879.31210752501,3786.7531337822275,3808.5363510907555,3652.109086375852,3641.1636565137596,3650.565738604113,3660.6056967789846,3666.5125632119384,3672.9364600018134
Yam Tuber,1991.3299394697337,2022.032912530438,2141.1300356787556,2240.083777435253,2375.3986192037783,2463.7007403680545,2484.404972297706,2052.4624020530755,2023.8335370623092,2035.592298029741,2054.630728108715,2065.7642917643143,2108.9892589257224,2144.6961689132977,2218.4593732075145,2347.086737657898
